"","Chestnut_contig","Kub_Fan_marker","Fan_LG","Fan_cM"
"12","contig0000014","CmSI0777","F",49.773
"23","contig0000017","CmSNP00786","D",19.531
"25","contig0000017","CCall_contig8186_v2","D",57.432
"216","contig0000024","CCall_contig24859_v2","F",0
"218","contig0000024","CmSNP00825","F",21.319
"220","contig0000024","CmSNP00427","F",19.931
"578","contig0000025","CmSNP00402","D",34.783
"673","contig0000032","CmSNP01420","A",53.814
"676","contig0000034","CmSNP00085","K",16.081
"736","contig0000037","CmSNP01236","L",41.892
"752","contig0000040","CmSNP01132","L",45.176
"775","contig0000053","CmSNP01531","D",17.584
"781","contig0000055","CmSNP00831","A",63.433
"857","contig0000060","CCall_contig45_v2","F",67.939
"858","contig0000062","CCall_contig43385_v2","J",79.623
"860","contig0000062","CmSNP01076","J",58.838
"864","contig0000062","CmSI0919","J",59.421
"906","contig0000063","CmSNP00361","D",16.309
"909","contig0000064","CmSNP01147","K",55.102
"984","contig0000067","CCall_contig40204_v2","A",83.707
"998","contig0000072","CmSI0520","A",56.285
"1001","contig0000072","CmSI0884","A",55.833
"1006","contig0000073","CmSNP00033","J",49.208
"1080","contig0000076","CmSNP01344","H",44.27
"1083","contig0000077","CmSNP01387","D",23.599
"1173","contig0000087","CmSNP01205","L",33.045
"1181","contig0000087","CmSNP00790","L",33.074
"1183","contig0000087","CmSI0938","L",35.853
"2133","contig0000088","CmSNP01086","A",21.137
"2353","contig0000094","CmSNP00002","A",52.628
"2391","contig0000100","CmSNP01027","B",47.718
"2395","contig0000100","CmSI0049","B",47.904
"2430","contig0000103","CmSNP00044","A",62.082
"2434","contig0000103","CmSNP00612","A",62.454
"2488","contig0000106","CmSNP00451","D",21.943
"2490","contig0000106","CCall_contig426_v2","D",56.164
"2502","contig0000114","CCall_contig42771_v2","A",56.393
"2503","contig0000114","CmSNP01246","A",59.325
"2504","contig0000114","CmSNP00380","A",57.433
"2506","contig0000114","CmSNP00298","A",57.726
"2554","contig0000122","CmSNP01172","L",41.126
"2568","contig0000122","CCall_contig46238_v2","L",58.688
"2594","contig0000126","CmSI0776","C",51.139
"2704","contig0000127","CmSNP00381","K",51.601
"2716","contig0000129","CmSI0930","F",25.012
"2729","contig0000131","CmSI0315","A",75.555
"2730","contig0000132","CmSNP01431","J",62.364
"2733","contig0000132","CmSI0153","J",62.795
"2862","contig0000134","CmSNP01290","L",45.153
"2863","contig0000135","CmSI0467","E",47.369
"2864","contig0000135","CmSI0606","E",48.618
"2882","contig0000147","CCall_contig28687_v2","F",86.325
"2888","contig0000147","CCall_contig22391_v2","F",9.33
"2894","contig0000147","CCall_contig11565_v2","F",15.323
"2941","contig0000149","CmSNP00333","A",41.311
"2963","contig0000154","CmSNP00076","J",54.889
"2964","contig0000154","CmSNP00467","J",55.712
"3027","contig0000156","CmSNP00705","J",48.298
"3059","contig0000162","CmSNP00129","A",39.781
"3069","contig0000162","CmSI0262","A",44.174
"3099","contig0000163","CmSNP00458","B",48.445
"3108","contig0000165","CmSNP00020","D",25.328
"3118","contig0000167","CmSNP01448","I",85.598
"3119","contig0000167","CmSI0751","I",82.952
"3122","contig0000167","CmSNP01282","I",84.506
"3164","contig0000173","CmSNP00706","I",58.395
"3171","contig0000173","CCall_contig3376_v2","I",24.64
"3178","contig0000173","CCall_contig7969_v2","I",24.637
"3185","contig0000174","CmSNP01203","A",47.691
"3197","contig0000176","CmSI0027","B",73.954
"3206","contig0000176","CmSNP01036","B",74.688
"3233","contig0000176","CCall_contig29059_v2","B",91.397
"3242","contig0000176","CmSNP00567","B",75.241
"3251","contig0000176","CCall_contig21911_v2","B",75.537
"3269","contig0000176","CmSNP00400","B",76.934
"3521","contig0000176","CmSNP00344","B",73.489
"3602","contig0000176","CmSNP00847","B",75.241
"7738","contig0000182","CmSI0725","C",49.511
"7740","contig0000182","CmSNP00194","C",49.279
"7762","contig0000189","CCall_contig31229_v2","B",0
"8803","contig0000202","CmSNP00719","B",49.069
"8807","contig0000206","CmSNP01073","A",41.119
"8808","contig0000206","CmSI0711","A",40.13
"8810","contig0000206","CmSNP00498","A",39.201
"8823","contig0000206","CmSNP00137","A",41.607
"8866","contig0000208","CmSNP00383","H",54.9
"8872","contig0000208","CmSNP01047","H",54.34
"9017","contig0000210","CmSNP00296","F",37.654
"9018","contig0000210","CCall_contig1978_v2","F",60.601
"9023","contig0000210","CCall_contig14318_v2","F",60.498
"9121","contig0000214","CmSNP01319","L",37.073
"9126","contig0000214","CmSI0503","L",36.242
"9129","contig0000214","CmSNP00543","L",35.733
"9138","contig0000216","CmSNP01482","I",56.919
"9237","contig0000219","CmSNP00903","K",64.869
"9239","contig0000219","CCall_contig20518_v2","K",76.621
"9241","contig0000220","CmSNP01395","D",10.834
"9249","contig0000221","CCall_contig5082_v2","I",29.85
"9251","contig0000222","CmSNP00918","L",41.411
"9255","contig0000223","CCall_contig46976_v2","D",50.461
"9259","contig0000223","CmSNP01198","D",24.281
"9337","contig0000229","CmSI0740","J",51.661
"9347","contig0000235","CmSNP00307","C",60.743
"9349","contig0000235","CmSNP01529","C",58.404
"9351","contig0000235","CCall_contig2017_v2","C",62.285
"9361","contig0000238","CmSNP00955","E",55.915
"9366","contig0000238","CmSNP00957","E",54.269
"9371","contig0000238","CCall_contig40480_v2","E",71.743
"9376","contig0000240","CmSNP00528","G",57.564
"9387","contig0000242","CmSI0923","A",77.18
"9388","contig0000242","CmSNP01351","A",78.008
"9389","contig0000242","CmSNP00199","A",75.579
"9392","contig0000242","CCall_contig6273_v2","A",78.387
"9437","contig0000253","CmSNP00425","D",26.118
"9469","contig0000264","CmSNP01051","E",47.686
"9470","contig0000265","CmSNP00326","J",41.836
"9480","contig0000268","CCall_contig14252_v2","G",20.876
"9499","contig0000274","CmSNP01217","F",21.549
"9506","contig0000278","CmSNP00880","E",37.11
"9508","contig0000279","CmSNP00084","F",42.859
"9623","contig0000283","CmSI0537","A",59.05
"9629","contig0000284","CmSI0396","E",57.17
"9687","contig0000295","CmSI0507","F",44.278
"9699","contig0000302","CCall_contig3714_v2","E",72.51
"9713","contig0000310","CmSNP00668","B",50.866
"9718","contig0000313","CmSNP00438","B",51.782
"9790","contig0000328","CmSNP01281","B",50.375
"9801","contig0000336","CCall_contig46628_v2","G",39.976
"9849","contig0000348","CmSI0426","D",12.932
"9853","contig0000350","CmSNP01341","H",47.332
"9856","contig0000351","CmSNP00869","L",39.433
"9858","contig0000351","CCall_contig39524_v2","L",60.119
"9862","contig0000353","CCall_contig7991_v2","H",31.431
"9879","contig0000363","CmSNP00647","A",57.726
"9886","contig0000368","CmSNP00972","C",70.327
"10046","contig0000384","CmSNP01445","F",50.133
"10053","contig0000387","CCall_contig39093_v2","I",29.733
"10061","contig0000388","CmSI0565","B",52.357
"10076","contig0000390","CmSI0514","A",74.921
"10082","contig0000390","CCall_contig40729_v2","A",90.691
"10085","contig0000394","CmSNP00913","G",65.236
"10089","contig0000395","CmSNP00456","I",53.193
"10091","contig0000397","CmSI0752","K",54.495
"10093","contig0000397","CmSNP01139","K",52.259
"10097","contig0000397","CmSNP00211","K",52.502
"10137","contig0000412","CmSNP00545","K",48.54
"10231","contig0000423","CmSNP00639","E",41.836
"10232","contig0000424","CCall_contig9791_v2","J",91.844
"10235","contig0000424","CmSI0946","J",70.132
"10247","contig0000424","CmSNP00745","J",68.593
"10253","contig0000424","CmSNP01528","J",68.965
"10306","contig0000427","CmSNP00478","D",33.695
"10308","contig0000427","CmSI0835","D",33.345
"10310","contig0000427","CmSNP01487","D",33.695
"10322","contig0000432","CmSNP00343","H",74.545
"10323","contig0000432","CmSNP01013","H",74.545
"10328","contig0000434","CCall_contig45206_v2","E",83.243
"10334","contig0000434","CmSNP01143","E",65.091
"10352","contig0000436","CmSI0069","I",61.473
"10378","contig0000437","CmSNP01354","H",69.222
"10534","contig0000438","CmSNP00291","B",49.168
"10535","contig0000438","CCall_contig366_v2","B",23.298
"10536","contig0000438","CmSNP00763","B",47.962
"10549","contig0000441","CmSNP00614","B",46.011
"10590","contig0000446","CCall_contig7351_v2","D",5.561
"10592","contig0000446","CmSNP01423","D",13.671
"10600","contig0000449","CmSNP00741","H",42.763
"10628","contig0000450","CmSNP00599","D",24.1
"10660","contig0000454","CmSNP00914","C",43.126
"10661","contig0000455","CmSNP00259","B",51.194
"10681","contig0000457","CCall_contig38658_v2","K",82.07
"10691","contig0000457","CmSNP00794","K",72.229
"10790","contig0000462","CmSNP00023","J",51.978
"10791","contig0000462","CmSNP00224","J",51.861
"10802","contig0000465","CmSNP00539","B",36.131
"10810","contig0000467","CmSNP01188","A",57.795
"10842","contig0000483","CmSNP00598","A",72.766
"10846","contig0000484","CmSNP00191","A",72.359
"10871","contig0000489","CmSNP00133","B",41.272
"10935","contig0000495","CCall_contig4176_v2","G",32.031
"10946","contig0000501","CmSNP00513","E",37.282
"10948","contig0000501","CmSNP01031","E",39.052
"11054","contig0000502","CmSNP01171","B",24.258
"11058","contig0000502","CmSNP00852","B",20.067
"11064","contig0000502","CCall_contig46220_v2","B",8.124
"11122","contig0000507","CmSNP00014","I",63.079
"11134","contig0000512","CmSNP00161","F",43.061
"11296","contig0000515","CmSNP00760","J",50.614
"11345","contig0000519","CmSNP01050","A",35.44
"11347","contig0000519","CmSNP00552","A",35.108
"11355","contig0000521","CmSNP00435","G",72.099
"11363","contig0000523","CCall_contig48281_v2","H",17.945
"11364","contig0000523","CmSNP01254","H",42.717
"11369","contig0000523","CmSI0588","H",43.267
"11373","contig0000523","CmSI0696","H",43.407
"11533","contig0000538","CmSNP01515","E",51.907
"11538","contig0000542","CmSNP00231","G",97.113
"11541","contig0000544","CmSNP00349","E",55.162
"11644","contig0000562","CmSI0851","I",44.73
"11645","contig0000562","CmSNP01049","I",44.955
"11657","contig0000566","CmSNP01183","L",41.126
"11662","contig0000566","CCall_contig4650_v2","L",58.326
"11670","contig0000568","CmSNP01294","L",47.675
"11682","contig0000575","CmSNP01117","H",44.736
"11686","contig0000575","CmSNP00243","H",44.74
"11749","contig0000579","CmSI0180","B",54.037
"11759","contig0000581","CmSI0611","K",55.941
"11764","contig0000581","CCall_contig31897_v2","K",67.955
"11773","contig0000581","CmSNP01041","K",55.749
"11780","contig0000585","CmSI0693","G",82.171
"11811","contig0000587","CmSI0681","E",58.166
"11816","contig0000588","CmSI0631","B",52.215
"11819","contig0000588","CmSI0632","B",49.713
"11822","contig0000590","CmSNP01255","A",47.691
"11825","contig0000592","CmSNP00218","D",18.239
"11826","contig0000592","CmSNP00895","D",20.012
"11846","contig0000601","CmSNP01457","D",16.889
"11894","contig0000603","CmSNP00969","A",106.222
"11902","contig0000607","CmSNP01380","B",57.086
"11910","contig0000609","CmSNP01346","A",48.336
"11917","contig0000611","CmSNP01156","L",32.215
"11920","contig0000611","CmSNP01061","L",32.547
"11928","contig0000615","CmSNP00053","H",42.648
"11929","contig0000616","CCall_contig18276_v2","I",26.451
"11931","contig0000616","CCall_contig20501_v2","I",26.109
"11949","contig0000616","CmSNP00313","I",58.073
"11970","contig0000618","CCall_contig29248_v2","K",13.926
"11982","contig0000618","CmSNP00572","K",28.548
"11997","contig0000620","CmSNP01411","D",38.701
"11999","contig0000620","CmSI0646","D",38.231
"12011","contig0000627","CmSNP00737","L",29.445
"12014","contig0000628","CmSNP00378","B",62.055
"12026","contig0000629","CmSNP00206","A",76.164
"12028","contig0000629","CCall_contig5412_v2","A",99.125
"12043","contig0000633","CmSNP00089","I",53.549
"12080","contig0000642","CmSNP00039","C",56.702
"12106","contig0000645","CmSI0519","A",38.633
"12117","contig0000649","CmSNP00138","A",53.895
"12118","contig0000649","CmSNP00042","A",51.133
"12123","contig0000649","CmSNP00759","A",51.063
"12130","contig0000651","CmSNP00127","G",63.017
"12131","contig0000652","CCall_contig9236_v2","B",33.758
"12135","contig0000652","CmSI0495","B",51.539
"12169","contig0000661","CCall_contig40309_v2","G",38.839
"12171","contig0000661","CCall_contig39260_v2","G",39.534
"12172","contig0000661","CmSNP00849","G",58.179
"12175","contig0000661","CmSNP00944","G",58.069
"12177","contig0000661","CmSNP00823","G",58.092
"12205","contig0000666","CmSNP00415","G",62.583
"12228","contig0000672","CmSNP01194","J",52.335
"12232","contig0000674","CmSNP00345","A",91.6
"12291","contig0000692","CmSNP00829","L",42.3
"12292","contig0000692","CCall_contig3905_v2","L",63.955
"12301","contig0000695","CmSNP01024","J",50.198
"12303","contig0000695","CmSNP00666","J",50.506
"12314","contig0000699","CCall_contig5620_v2","A",79.711
"12326","contig0000708","CmSI0781","F",49.024
"12354","contig0000715","CmSNP00375","J",44.677
"12362","contig0000720","CmSNP00484","A",52.93
"12367","contig0000722","CmSNP00302","I",57.646
"12372","contig0000722","CmSNP00900","I",57.422
"12377","contig0000722","CCall_contig39785_v2","I",25.916
"12391","contig0000727","CmSNP00894","L",45.679
"12397","contig0000733","CmSI0931","D",54.377
"12433","contig0000742","CmSNP00112","K",54.909
"12434","contig0000744","CmSNP00135","A",24.496
"12440","contig0000744","CCall_contig14185_v2","A",11.144
"12452","contig0000747","CmSNP00597","J",13.764
"12484","contig0000754","CmSNP00749","F",46.451
"12490","contig0000756","CmSI0660","H",41.894
"12516","contig0000761","CmSNP00779","B",61.192
"12576","contig0000767","CmSNP00225","H",60.474
"12581","contig0000769","CmSNP01165","A",72.953
"12603","contig0000775","CmSI0083","H",53.829
"12607","contig0000775","CmSNP00312","H",52.67
"12623","contig0000779","CCall_contig7428_v2","E",71.907
"12630","contig0000782","CmSI0865","A",57.956
"12642","contig0000783","CmSNP01209","A",70.334
"12654","contig0000786","CmSNP01167","I",72.774
"12674","contig0000792","CmSNP00837","H",58.373
"12711","contig0000804","CmSNP00130","L",20.439
"12777","contig0000811","CmSNP00750","K",27.249
"12781","contig0000811","CmSI0361","K",26.41
"12785","contig0000811","CmSI0921","K",26.927
"12797","contig0000811","CmSI0922","K",25.954
"12863","contig0000819","CmSNP00821","K",26.22
"12867","contig0000821","CmSNP00920","G",59.223
"12871","contig0000821","CCall_contig40042_v2","G",38.485
"12877","contig0000824","CmSNP00633","J",52.276
"12881","contig0000824","CmSNP00518","J",52.036
"12899","contig0000826","CmSNP00097","A",57.795
"12925","contig0000832","CmSNP00574","G",57.381
"12932","contig0000832","CCall_contig41807_v2","G",39.239
"12939","contig0000832","CmSNP00238","G",57.302
"13029","contig0000839","CCall_contig25306_v2","K",0
"13030","contig0000839","CmSNP00452","K",47.792
"13031","contig0000839","CmSNP00212","K",48.357
"13036","contig0000843","CmSNP00180","C",49.284
"13049","contig0000845","CmSI0705","H",63.93
"13054","contig0000850","CmSNP01120","H",40.253
"13057","contig0000850","CCall_contig15709_v2","H",25.923
"13058","contig0000850","CmSNP00188","H",38.158
"13065","contig0000853","CmSNP00227","E",55.797
"13085","contig0000860","CmSNP00499","K",56.627
"13088","contig0000863","CCall_contig5105_v2","H",14.251
"13094","contig0000869","CmSNP00156","B",53.167
"13095","contig0000869","CmSNP01002","B",54.006
"13096","contig0000869","CmSNP00577","B",53.748
"13098","contig0000869","CmSNP00990","B",54.098
"13113","contig0000877","CmSNP00236","D",33.198
"13116","contig0000877","CmSI0914","D",31.738
"13134","contig0000879","CmSNP00475","F",57.345
"13136","contig0000879","CmSI0085","F",57.667
"13189","contig0000883","CmSNP00596","C",52.372
"13191","contig0000885","CmSNP01393","H",64.042
"13217","contig0000889","CmSI0830","G",90.516
"13226","contig0000892","CmSNP00530","H",39.783
"13230","contig0000898","CmSNP00217","G",59.576
"13243","contig0000902","CmSNP00437","C",38.299
"13278","contig0000906","CmSNP00254","A",103.07
"13292","contig0000913","CmSNP01201","F",31.956
"13381","contig0000918","CCall_contig43536_v2","H",28.125
"13422","contig0000933","CmSI0542","K",48.855
"13441","contig0000943","CmSNP01325","A",67.962
"13442","contig0000943","CCall_contig6040_v2","A",84.6
"13458","contig0000952","CmSNP00121","F",61.358
"13463","contig0000957","CCall_contig42653_v2","H",0
"13466","contig0000957","CmSNP01233","H",41.496
"13471","contig0000958","CmSNP00255","J",54.754
"13474","contig0000959","CmSNP00170","I",50.204
"13476","contig0000959","CmSNP00252","I",49.889
"13539","contig0000978","CmSNP00863","D",11.702
"13540","contig0000978","CmSNP00320","D",11.3
"13556","contig0000986","CmSNP01131","E",51.939
"13577","contig0000995","CmSI0525","A",26.526
"13587","contig0000999","CmSNP01444","E",64.388
"13588","contig0001000","CmSNP00325","H",93.396
"13620","contig0001003","CCall_contig42184_v2","B",37.743
"13628","contig0001009","CmSNP00881","A",61.87
"13647","contig0001018","CmSNP00723","F",50.53
"13652","contig0001023","CmSNP01224","H",93.914
"13672","contig0001032","CmSI0742","A",73.561
"13680","contig0001035","CCall_contig6557_v2","E",67.272
"13699","contig0001041","CmSNP00016","C",51.052
"13701","contig0001041","CmSI0727","C",50.811
"13707","contig0001042","CmSNP00917","B",32.942
"13746","contig0001048","CmSNP00073","I",77.902
"13748","contig0001049","CmSNP00106","G",70.652
"13773","contig0001056","CmSNP01405","L",46.056
"13784","contig0001059","CmSNP00035","K",46.878
"13785","contig0001060","CmSNP00389","J",52.581
"13812","contig0001083","CmSNP00185","G",56.18
"13813","contig0001083","CmSNP01259","G",57.695
"13833","contig0001091","CCall_contig3640_v2","B",4.053
"13834","contig0001091","CmSI0899","B",31.029
"13835","contig0001091","CCall_contig9360_v2","B",2.785
"13856","contig0001099","CmSNP01107","H",52.961
"13867","contig0001104","CmSNP00228","C",50.121
"13883","contig0001108","CmSI0928","L",58.185
"13892","contig0001115","CmSI0829","E",53.283
"13893","contig0001115","CmSNP00984","E",52.505
"13896","contig0001115","CCall_contig41074_v2","E",68.928
"13898","contig0001115","CmSI0035","E",53.522
"13913","contig0001118","CmSNP00294","F",41.074
"13916","contig0001121","CmSI0763","C",26.616
"13920","contig0001124","CmSNP00828","J",49.382
"13933","contig0001128","CmSI0644","A",67.667
"13948","contig0001140","CmSNP00547","A",75.731
"13949","contig0001141","CmSI0637","K",38.325
"13950","contig0001141","CmSI0123","K",38.319
"13987","contig0001157","CmSI0845","A",49.479
"14028","contig0001176","CmSNP00420","A",89.294
"14029","contig0001176","CmSI0498","A",89.823
"14031","contig0001176","CmSI0909","A",89.174
"14066","contig0001180","CmSI0866","B",62.352
"14068","contig0001180","CmSNP00620","B",62.049
"14072","contig0001180","CmSNP00184","B",62.432
"14099","contig0001185","CCall_contig4062_v2","L",60.149
"14100","contig0001185","CCall_contig15196_v2","L",60.031
"14101","contig0001185","CmSNP00164","L",39.433
"14103","contig0001187","CmSNP01449","L",55.138
"14121","contig0001197","CmSNP00979","B",44.966
"14160","contig0001200","CmSNP00210","B",46.394
"14176","contig0001206","CmSNP01415","E",51.029
"14214","contig0001222","CmSNP00315","A",81.618
"14303","contig0001241","CmSNP00078","I",58.431
"14311","contig0001244","CmSNP00609","A",65.404
"14312","contig0001245","CmSNP01464","K",58.58
"14325","contig0001250","CmSNP00491","H",72.523
"14326","contig0001250","CmSNP00028","H",73.227
"14344","contig0001260","CmSI0071","L",43.198
"14346","contig0001262","CmSNP01437","C",66.182
"14358","contig0001269","CCall_contig7652_v2","H",26.086
"14371","contig0001274","CmSNP00998","C",37.207
"14382","contig0001282","CmSNP01087","H",40.253
"14387","contig0001285","CmSI0013","D",19.577
"14392","contig0001289","CmSNP01371","A",92.168
"14398","contig0001290","CmSNP00239","E",52.855
"14403","contig0001292","CmSI0940","H",46.992
"14405","contig0001292","CmSI0490","H",47.264
"14410","contig0001294","CmSI0754","G",65.418
"14435","contig0001302","CmSNP00034","A",82.033
"14437","contig0001302","CmSNP01005","A",82.239
"14450","contig0001305","CmSI0756","A",77.903
"14456","contig0001305","CmSNP00519","A",76.683
"14468","contig0001311","CmSI0925","G",66.355
"14472","contig0001311","CCall_contig46642_v2","G",47.462
"14474","contig0001311","CmSNP00689","G",62.987
"14488","contig0001314","CmSNP00656","A",71.403
"14489","contig0001314","CmSNP01438","A",71.851
"14523","contig0001326","CmSNP00854","B",79.033
"14543","contig0001327","CmSNP00196","I",59.761
"14551","contig0001329","CmSI0662","A",34.394
"14552","contig0001329","CmSI0391","A",34.196
"14562","contig0001331","CmSNP00743","A",51.722
"14563","contig0001331","CmSNP01504","A",52.346
"14575","contig0001339","CmSNP00340","D",15.61
"14596","contig0001342","CmSNP00703","J",70.146
"14601","contig0001345","CmSNP00304","B",54.383
"14602","contig0001346","CmSNP01230","I",88.646
"14605","contig0001346","CmSNP01046","I",89.427
"14692","contig0001378","CmSNP00408","K",54.497
"14694","contig0001379","CmSNP00099","H",44.739
"14695","contig0001379","CCall_contig12953_v2","H",31.085
"14700","contig0001382","CmSNP01222","E",60.915
"14703","contig0001382","CCall_contig47584_v2","E",73.895
"14719","contig0001384","CmSNP00012","D",37.581
"14724","contig0001387","CmSNP00323","C",49.281
"14728","contig0001391","CmSI0477","F",45.241
"14747","contig0001401","CmSI0795","F",38.651
"14759","contig0001409","CmSI0506","I",66.393
"14761","contig0001409","CmSNP00796","I",61.706
"14802","contig0001433","CmSNP00341","G",56.105
"14805","contig0001433","CmSNP00582","G",54.69
"14836","contig0001442","CmSNP00167","F",48.171
"14865","contig0001460","CmSNP00321","J",41.189
"14876","contig0001468","CmSNP01134","A",43.022
"14877","contig0001468","CmSNP01118","A",44.894
"14909","contig0001488","CmSNP00154","D",25.894
"14910","contig0001488","CCall_contig14751_v2","D",49.96
"14929","contig0001496","CmSI0910","A",17.041
"15201","contig0001520","CCall_contig877_v2","B",9.861
"15202","contig0001520","CmSNP01490","B",25.362
"15263","contig0001536","CmSI0679","F",46.181
"15265","contig0001536","CCall_contig35255_v2","F",68.706
"15269","contig0001540","CCall_contig39000_v2","E",69.877
"15279","contig0001545","CmSNP00396","L",17.874
"15281","contig0001545","CmSNP00282","L",18.021
"15287","contig0001545","CmSNP00108","L",20.213
"15291","contig0001545","CCall_contig23767_v2","L",0
"15303","contig0001546","CmSNP01474","J",39.53
"15305","contig0001546","CmSNP00653","J",39.153
"15342","contig0001557","CmSNP01279","A",42.141
"15344","contig0001557","CmSNP00843","A",43.225
"15348","contig0001561","CmSNP00470","K",40.453
"15351","contig0001561","CCall_contig43146_v2","K",35.052
"15354","contig0001562","CmSNP01292","A",51.218
"15355","contig0001563","CmSNP01125","L",46.362
"15397","contig0001568","CmSNP00005","A",69.31
"15405","contig0001570","CmSNP00038","D",13.088
"15406","contig0001570","CmSNP00409","D",12.729
"15410","contig0001573","CmSNP00942","E",45.525
"15416","contig0001576","CmSI0818","A",74.688
"15418","contig0001576","CmSNP00897","A",75.048
"15438","contig0001585","CmSNP00006","E",33.153
"15449","contig0001588","CmSNP01469","F",74.354
"15461","contig0001590","CmSNP01478","K",51.701
"15463","contig0001592","CmSNP00376","L",41.996
"15464","contig0001593","CmSNP01223","J",31.588
"15482","contig0001603","CmSNP01218","H",55.741
"15490","contig0001610","CmSNP00767","L",42.998
"15506","contig0001615","CmSI0770","B",50.899
"15520","contig0001620","CmSNP01454","L",57.731
"15542","contig0001630","CmSNP00054","H",41.203
"15543","contig0001630","CCall_contig11518_v2","H",28.128
"15547","contig0001635","CmSNP00363","D",10.123
"15557","contig0001643","CmSNP00379","J",47.408
"15566","contig0001644","CmSNP00508","C",43.208
"15571","contig0001645","CmSNP00197","K",55.151
"15592","contig0001648","CmSNP00739","A",64.811
"15601","contig0001651","CmSI0576","G",62.934
"15612","contig0001660","CmSNP00369","A",68.479
"15632","contig0001661","CCall_contig47965_v2","E",86.029
"15635","contig0001665","CmSI0689","D",52.372
"15639","contig0001666","CmSI0407","A",23.773
"15643","contig0001668","CmSNP00026","D",22.998
"15644","contig0001668","CCall_contig1064_v2","D",52.846
"15684","contig0001691","CCall_contig38867_v2","G",40.596
"15686","contig0001691","CCall_contig2234_v2","G",40.812
"15705","contig0001707","CmSI0527","F",34.017
"15712","contig0001711","CmSI0816","G",63.417
"15731","contig0001720","CmSI0460","K",46.472
"15744","contig0001724","CmSNP00590","K",31.307
"15767","contig0001745","CmSNP01055","D",17.436
"15779","contig0001750","CCall_contig20405_v2","B",83.686
"15782","contig0001750","CmSNP00311","B",76.162
"15809","contig0001762","CmSNP01232","H",44.953
"15813","contig0001765","CmSNP01350","G",59.805
"15825","contig0001769","CmSNP00887","H",52.063
"15829","contig0001770","CmSNP00613","A",63.63
"15931","contig0001792","CmSI0804","B",52.409
"15945","contig0001795","CmSNP01329","H",52.58
"15956","contig0001799","CmSI0715","B",63.644
"15960","contig0001802","CmSNP00068","E",25.275
"15961","contig0001802","CmSNP00886","E",24.764
"15984","contig0001823","CCall_contig46297_v2","I",32.048
"15990","contig0001827","CmSNP00160","A",42.963
"16001","contig0001833","CCall_contig15890_v2","H",23.892
"16005","contig0001837","CmSNP00704","L",31.217
"16020","contig0001847","CmSNP01220","F",36.772
"16028","contig0001853","CCall_contig39533_v2","K",67.1
"16084","contig0001879","CmSI0834","H",51.908
"16090","contig0001884","CmSNP01012","A",57.723
"16096","contig0001888","CmSNP01378","E",27.963
"16102","contig0001895","CCall_contig45809_v2","I",23.825
"16103","contig0001895","CmSNP01159","I",59.592
"16114","contig0001905","CmSI0859","B",35.671
"16117","contig0001905","CmSNP00372","B",36.796
"16127","contig0001909","CmSNP01033","I",48.299
"16132","contig0001909","CmSNP01491","I",50.206
"16137","contig0001909","CCall_contig8793_v2","I",32.937
"16146","contig0001913","CmSNP00221","C",36.783
"16156","contig0001916","CCall_contig926_v2","L",60.757
"16164","contig0001918","CmSNP00700","G",62.958
"16172","contig0001920","CCall_contig5220_v2","I",23.365
"16173","contig0001920","CmSNP01284","I",60.234
"16198","contig0001936","CmSNP01489","J",51.516
"16199","contig0001936","CCall_contig6559_v2","J",64.143
"16200","contig0001936","CCall_contig796_v2","J",64.075
"16202","contig0001939","CmSNP00858","K",68.387
"16204","contig0001941","CmSNP00718","D",19.665
"16206","contig0001941","CmSI0815","D",19.293
"16214","contig0001947","CmSNP00868","K",44.303
"16236","contig0001960","CmSNP01479","B",44.579
"16264","contig0001973","CCall_contig48125_v2","L",64.53
"16265","contig0001973","CmSNP01243","L",44.022
"16300","contig0001985","CmSNP01476","C",25.839
"16349","contig0002005","CCall_contig162_v2","I",29.246
"16359","contig0002011","CmSI0550","B",61.096
"16361","contig0002012","CmSNP00546","I",52.133
"16370","contig0002014","CmSNP01126","D",28.742
"16373","contig0002016","CmSI0187","A",54.632
"16374","contig0002017","CmSNP00625","E",39.364
"16380","contig0002022","CmSNP00672","G",62.355
"16399","contig0002033","CmSI0810","D",13.411
"16424","contig0002047","CmSI0600","J",67.32
"16428","contig0002047","CmSI0414","J",67.171
"16431","contig0002047","CmSNP00669","J",66.97
"16443","contig0002052","CmSNP00149","I",51.086
"16469","contig0002066","CmSNP01522","E",38.148
"16470","contig0002066","CmSNP00244","E",38.795
"16477","contig0002068","CmSNP00797","J",49.038
"16532","contig0002083","CmSNP00172","D",36.403
"16535","contig0002083","CmSNP00070","D",36.819
"16554","contig0002092","CmSNP00280","C",53.948
"16556","contig0002093","CmSNP00008","K",25.625
"16588","contig0002096","CmSI0272","H",41.714
"16598","contig0002099","CmSNP01133","K",42.701
"16608","contig0002102","CmSNP00756","B",51.399
"16618","contig0002106","CmSNP01105","F",45.815
"16633","contig0002111","CCall_contig11126_v2","J",92.185
"16634","contig0002111","CmSNP00043","J",68.415
"16643","contig0002116","CmSNP00081","I",54.558
"16650","contig0002121","CmSNP00209","G",57.118
"16666","contig0002125","CmSNP01278","A",50.866
"16692","contig0002144","CCall_contig7500_v2","G",39.694
"16761","contig0002153","CmSI0853","K",41.736
"16765","contig0002158","CmSNP00347","D",31.792
"16767","contig0002160","CCall_contig483_v2","A",119.709
"16768","contig0002160","CmSNP01252","A",102.72
"16772","contig0002163","CmSNP00645","B",75.983
"16773","contig0002164","CmSNP00216","E",46.774
"16802","contig0002180","CmSNP00295","F",34.771
"16807","contig0002185","CmSNP00644","J",42.475
"16809","contig0002187","CmSNP01080","A",62.23
"16813","contig0002191","CmSI0908","E",53.727
"16818","contig0002195","CmSNP00306","F",53.214
"16833","contig0002209","CmSNP00586","A",62.038
"16860","contig0002220","CmSNP01170","L",40.629
"16863","contig0002223","CmSI0885","A",18.354
"16865","contig0002223","CmSNP01340","A",17.501
"16876","contig0002234","CmSI0558","E",55.582
"16878","contig0002234","CCall_contig9445_v2","E",71.891
"16908","contig0002256","CmSNP00266","E",45.595
"16918","contig0002260","CCall_contig17902_v2","J",82.513
"16920","contig0002260","CmSNP00241","J",58.097
"16921","contig0002260","CmSI0732","J",59.854
"16931","contig0002262","CCall_contig48018_v2","E",78.051
"16935","contig0002264","CCall_contig9910_v2","D",72.36
"16951","contig0002266","CmSNP01140","L",43.974
"16958","contig0002268","CmSNP00876","I",42.988
"16975","contig0002270","CmSNP00982","F",40.273
"16976","contig0002271","CmSNP00011","F",38.381
"16978","contig0002273","CCall_contig28606_v2","I",0
"16981","contig0002273","CmSNP00559","I",38.524
"16990","contig0002273","CmSNP00676","I",39.672
"17051","contig0002280","CmSI0608","L",46.209
"17055","contig0002282","CmSNP00233","A",73.13
"17060","contig0002286","CCall_contig42073_v2","I",32.018
"17061","contig0002286","CmSI0024","I",50.639
"17097","contig0002309","CCall_contig46827_v2","J",66.375
"17098","contig0002309","CmSI0009","J",53.775
"17100","contig0002311","CmSNP01366","C",49.922
"17103","contig0002316","CmSNP00688","F",44.067
"17114","contig0002325","CmSNP00051","B",60.96
"17115","contig0002326","CmSNP00692","B",28.559
"17125","contig0002331","CmSNP00631","E",47.09
"17153","contig0002350","CmSNP01231","J",32.043
"17162","contig0002358","CmSNP01062","D",27.518
"17193","contig0002379","CmSNP01520","E",18.287
"17209","contig0002389","CmSNP00179","J",54.443
"17210","contig0002389","CmSNP00245","J",55.301
"17216","contig0002394","CmSNP01299","I",44.425
"17220","contig0002396","CmSNP01181","A",99.47
"17221","contig0002396","CCall_contig705_v2","A",104.666
"17222","contig0002396","CmSNP01400","A",97.171
"17227","contig0002401","CmSNP01373","H",61.152
"17243","contig0002405","CmSI0266","B",53.908
"17261","contig0002414","CmSNP00997","G",68.276
"17262","contig0002414","CCall_contig41428_v2","G",32.028
"17285","contig0002435","CmSNP00618","C",51.27
"17287","contig0002436","CCall_contig13995_v2","C",10.172
"17300","contig0002450","CCall_contig17639_v2","J",72.209
"17301","contig0002451","CmSNP00329","L",54.829
"17311","contig0002458","CmSNP00989","K",36.403
"17316","contig0002462","CmSI0847","L",37.682
"17318","contig0002463","CmSNP00290","A",61.275
"17321","contig0002464","CmSI0602","D",46.948
"17322","contig0002464","CmSI0484","D",47.434
"17337","contig0002469","CmSNP00032","A",62.503
"17350","contig0002480","CmSNP00443","J",53.281
"17351","contig0002480","CmSNP00474","J",52.633
"17359","contig0002484","CmSNP01505","D",26.176
"17361","contig0002484","CmSNP00954","D",26.176
"17382","contig0002492","CmSI0710","H",73.972
"17457","contig0002526","CmSNP01110","H",44.098
"17466","contig0002530","CCall_contig3269_v2","I",33.626
"17474","contig0002530","CmSNP00143","I",49.061
"17487","contig0002537","CmSNP00746","F",41.719
"17490","contig0002540","CmSNP01428","C",60.086
"17529","contig0002554","CmSNP01111","I",55.06
"17565","contig0002558","CmSNP01244","E",39.026
"17579","contig0002571","CmSNP01451","L",36.532
"17593","contig0002580","CmSNP00769","B",43.244
"17597","contig0002583","CmSI0011","E",29.672
"17598","contig0002583","CCall_contig8354_v2","E",1.576
"17600","contig0002586","CCall_contig16662_v2","H",28.067
"17603","contig0002587","CmSNP01514","H",90.872
"17616","contig0002594","CmSNP00300","I",43.501
"17617","contig0002594","CmSI0855","I",43.353
"17654","contig0002603","CmSNP00891","C",42.155
"17666","contig0002609","CmSNP01199","E",41.02
"17683","contig0002618","CmSNP00748","D",5.423
"17690","contig0002621","CmSNP00071","K",38.091
"17729","contig0002630","CmSI0523","J",66.465
"17731","contig0002632","CmSI0551","H",58.723
"17732","contig0002632","CmSNP00916","H",56.682
"17735","contig0002634","CmSNP00098","E",36.951
"17748","contig0002642","CCall_contig42916_v2","H",24.72
"17769","contig0002651","CCall_contig6200_v2","B",34.349
"17774","contig0002657","CmSNP00485","J",45.486
"17781","contig0002663","CmSNP00258","A",86.24
"17786","contig0002667","CmSNP00140","E",52.218
"17787","contig0002668","CmSNP00693","A",32.89
"17794","contig0002671","CmSNP01008","H",52.782
"17813","contig0002675","CmSI0094","J",36.572
"17839","contig0002693","CmSNP00541","F",40.794
"17840","contig0002693","CCall_contig2791_v2","F",44.856
"17851","contig0002701","CmSNP00901","L",26.826
"17857","contig0002701","CmSI0785","L",30.751
"17899","contig0002702","CCall_contig15126_v2","I",29.444
"17900","contig0002702","CmSNP00162","I",55.225
"17904","contig0002707","CmSNP01450","G",71.833
"17916","contig0002714","CCall_contig13359_v2","L",60.351
"17919","contig0002718","CmSNP00021","E",34.131
"17922","contig0002722","CmSNP00088","H",52.902
"17934","contig0002733","CmSI0911","J",60.466
"17956","contig0002735","CCall_contig11676_v2","E",80.186
"17958","contig0002737","CmSI0825","A",72.541
"17970","contig0002749","CmSNP00721","H",46.673
"17973","contig0002752","CmSNP00174","A",104.177
"18007","contig0002774","CmSNP00510","F",40.096
"18035","contig0002783","CmSI0934","F",35.166
"18052","contig0002800","CCall_contig43378_v2","I",24.809
"18058","contig0002802","CmSNP00875","E",43.572
"18103","contig0002835","CCall_contig42257_v2","E",70.999
"18104","contig0002835","CmSNP01034","E",55.919
"18111","contig0002839","CmSNP01421","E",47.489
"18118","contig0002845","CmSNP00208","H",51.773
"18174","contig0002867","CmSNP00809","E",32.447
"18175","contig0002867","CmSNP01038","E",31.598
"18176","contig0002868","CmSNP00015","F",29.871
"18213","contig0002884","CmSI0430","G",57.831
"18222","contig0002895","CmSNP00268","E",42.66
"18235","contig0002907","CmSI0680","H",91.558
"18237","contig0002907","CmSI0028","H",93.068
"18251","contig0002911","CmSNP00406","G",94.959
"18260","contig0002918","CmSI0766","B",48.037
"18264","contig0002919","CCall_contig38979_v2","A",75.598
"18273","contig0002926","CmSNP00758","B",69.278
"18274","contig0002926","CmSNP01338","B",69.314
"18287","contig0002929","CmSNP00542","A",72.861
"18313","contig0002944","CmSI0549","H",48.358
"18317","contig0002949","CmSI0849","H",69.854
"18326","contig0002955","CmSNP00279","C",51.235
"18366","contig0002960","CmSNP01161","A",63.583
"18379","contig0002970","CmSNP00877","C",49.078
"18395","contig0002982","CmSNP00382","A",37.601
"18417","contig0002997","CCall_contig20264_v2","E",86.329
"18441","contig0003011","CmSNP00377","L",25.82
"18454","contig0003024","CmSNP00310","A",73.502
"18455","contig0003024","CCall_contig5790_v2","A",75.037
"18456","contig0003024","CmSNP01149","A",70.874
"18458","contig0003024","CmSNP01316","A",73.524
"18464","contig0003026","CCall_contig3029_v2","A",82.148
"18467","contig0003029","CmSNP00335","G",62.921
"18507","contig0003054","CmSNP00250","G",85.16
"18522","contig0003063","CCall_contig13932_v2","G",39.464
"18530","contig0003067","CmSNP01495","K",43.96
"18532","contig0003068","CmSNP01409","K",37.205
"18536","contig0003073","CmSNP00628","I",74.98
"18537","contig0003074","CmSNP00859","E",69.538
"18538","contig0003075","CmSNP01345","I",40.997
"18541","contig0003075","CmSNP00568","I",41.564
"18577","contig0003091","CmSNP01456","E",42.811
"18601","contig0003104","CmSNP01115","F",42.732
"18617","contig0003121","CmSNP00925","G",95.602
"18624","contig0003126","CmSNP00963","F",33.843
"18625","contig0003127","CmSI0365","A",81.294
"18626","contig0003128","CmSNP01030","C",30.75
"18630","contig0003132","CmSNP00549","A",49.337
"18635","contig0003138","CmSI0517","I",44.284
"18644","contig0003143","CmSNP00715","E",52.242
"18651","contig0003147","CCall_contig19122_v2","L",78.697
"18677","contig0003164","CmSI0543","A",45.818
"18700","contig0003179","CmSNP00473","A",60.011
"18710","contig0003184","CmSNP00103","I",58.446
"18722","contig0003196","CmSNP00063","C",41.043
"18726","contig0003200","CmSNP00531","A",94.346
"18730","contig0003202","CmSI0433","K",23.732
"18731","contig0003202","CmSI0432","K",24.386
"18736","contig0003203","CmSNP01004","L",36.061
"18741","contig0003206","CmSNP01419","I",90.938
"18778","contig0003238","CmSI0684","A",16.204
"18806","contig0003261","CmSNP01365","D",18.824
"18811","contig0003267","CmSNP00860","K",46.972
"18815","contig0003273","CmSI0378","A",31.172
"18816","contig0003273","CmSI0843","A",31.688
"18817","contig0003274","CmSNP01190","I",56.141
"18863","contig0003302","CCall_contig728_v2","J",18.767
"18864","contig0003302","CmSNP01417","J",24.425
"18872","contig0003307","CCall_contig45668_v2","I",29.724
"18892","contig0003320","CmSNP00553","J",60.014
"18905","contig0003328","CmSNP00059","A",62.386
"18926","contig0003334","CmSNP00257","H",41.826
"18928","contig0003335","CmSNP00202","L",24.554
"18929","contig0003336","CmSI0526","I",54.442
"18953","contig0003354","CmSI0622","D",8.65
"18955","contig0003354","CmSNP00407","D",5.792
"18968","contig0003358","CmSNP01377","L",25.434
"18974","contig0003360","CmSNP01412","G",64.672
"19006","contig0003390","CmSNP01306","D",29.903
"19026","contig0003411","CmSI0524","J",56.35
"19034","contig0003418","CmSNP01155","G",38.933
"19037","contig0003421","CmSNP00128","B",25.698
"19064","contig0003437","CmSNP01362","F",39.448
"19078","contig0003443","CmSNP00288","L",43.104
"19079","contig0003443","CCall_contig19492_v2","L",63.955
"19083","contig0003447","CmSI0463","E",44.658
"19092","contig0003451","CmSNP00481","H",52.706
"19114","contig0003472","CmSNP01318","K",56.373
"19187","contig0003504","CmSNP00921","E",39.026
"19223","contig0003522","CCall_contig39644_v2","I",32.869
"19250","contig0003541","CmSI0362","I",58.378
"19282","contig0003554","CmSNP00193","H",38.087
"19285","contig0003557","CmSNP00950","E",37.615
"19288","contig0003559","CmSNP00623","B",39.342
"19332","contig0003593","CmSI0033","A",58.536
"19365","contig0003608","CmSI0717","G",55.245
"19372","contig0003614","CmSI0367","G",86.743
"19385","contig0003617","CmSNP01523","F",40.211
"19391","contig0003627","CmSNP00091","H",39.836
"19393","contig0003627","CCall_contig12602_v2","H",25.924
"19420","contig0003649","CmSNP00496","D",57.9
"19443","contig0003667","CmSNP01308","K",27.841
"19452","contig0003676","CmSNP01509","F",58.917
"19455","contig0003678","CmSNP00778","I",54.666
"19466","contig0003689","CmSI0627","F",35.771
"19486","contig0003702","CmSI0276","K",58.675
"19487","contig0003703","CmSNP00529","G",76.191
"19519","contig0003722","CmSNP00067","G",95.521
"19520","contig0003722","CmSNP00287","G",94.508
"19546","contig0003746","CmSNP01331","E",58.181
"19582","contig0003761","CmSNP01210","I",48.944
"19592","contig0003770","CmSNP00486","C",30.916
"19593","contig0003770","CmSNP01003","C",30.36
"19594","contig0003771","CmSI0841","I",69.464
"19610","contig0003783","CCall_contig41928_v2","J",86.074
"19611","contig0003783","CmSNP01022","J",62.2
"19644","contig0003818","CmSNP00102","L",33.429
"19650","contig0003825","CmSNP01486","E",67.993
"19651","contig0003825","CCall_contig8687_v2","E",85.713
"19662","contig0003832","CmSNP00535","A",62.828
"19666","contig0003836","CmSNP00365","C",50.593
"19680","contig0003849","CCall_contig8310_v2","A",0
"19689","contig0003861","CmSNP01518","H",64.336
"19690","contig0003861","CmSNP00947","H",64.352
"19717","contig0003888","CmSNP01382","A",69.777
"19730","contig0003896","CmSI0437","H",82.9
"19731","contig0003896","CCall_contig7967_v2","H",83.378
"19745","contig0003908","CCall_contig3840_v2","I",22.765
"19746","contig0003908","CmSNP00784","I",60.726
"19752","contig0003917","CmSNP00732","A",60.639
"19753","contig0003917","CmSI0667","A",60.353
"19784","contig0003944","CmSI0831","H",40.424
"19793","contig0003953","CmSNP00114","D",32.278
"19821","contig0003973","CmSNP01300","L",42.18
"19824","contig0003976","CCall_contig9568_v2","A",112.034
"19825","contig0003976","CmSNP01519","A",95.38
"19838","contig0003990","CmSNP01083","A",63.744
"19854","contig0004003","CmSNP01195","F",34.374
"19909","contig0004044","CmSI0744","I",61.245
"19933","contig0004052","CCall_contig19101_v2","L",59.58
"19952","contig0004071","CmSNP00962","E",43.67
"19958","contig0004079","CmSNP00339","C",24.594
"19967","contig0004089","CmSNP00907","E",41.258
"19993","contig0004105","CmSNP01295","G",63.887
"19999","contig0004110","CmSNP01530","E",42.95
"20001","contig0004110","CmSNP00148","E",40.818
"20017","contig0004114","CmSNP00935","L",36.77
"20047","contig0004145","CmSNP01463","D",10.509
"20056","contig0004154","CCall_contig15506_v2","J",77.165
"20060","contig0004154","CmSNP00177","J",56.151
"20096","contig0004180","CmSNP00482","J",49.101
"20098","contig0004184","CmSI0939","E",48.207
"20155","contig0004242","CmSNP00736","E",46.815
"20172","contig0004272","CmSNP00404","H",49.382
"20179","contig0004280","CmSNP01391","L",61.451
"20198","contig0004299","CmSNP00062","H",58.31
"20234","contig0004344","CmSNP01408","G",68.481
"20236","contig0004346","CmSI0574","C",41.94
"20253","contig0004362","CCall_contig7802_v2","E",73.693
"20256","contig0004362","CmSNP01458","E",57.294
"20294","contig0004369","CmSNP00505","E",56.312
"20295","contig0004370","CmSNP00945","B",49.178
"20314","contig0004387","CmSNP00264","A",62.909
"20329","contig0004403","CmSNP01173","B",40.194
"20330","contig0004404","CmSNP00992","A",73.894
"20369","contig0004449","CmSNP00789","H",46.447
"20375","contig0004454","CmSNP00357","C",28.086
"20395","contig0004477","CmSI0572","L",32.306
"20408","contig0004493","CmSNP01079","L",26.375
"20411","contig0004495","CmSNP00159","I",62.621
"20415","contig0004495","CCall_contig15079_v2","I",20.775
"20428","contig0004512","CmSNP00469","C",42.476
"20443","contig0004531","CmSI0682","B",39.968
"20444","contig0004531","CmSI0533","B",38.827
"20445","contig0004533","CmSNP00422","E",50.914
"20454","contig0004546","CmSNP00820","H",40.582
"20464","contig0004557","CCall_contig21024_v2","B",7.883
"20494","contig0004588","CCall_contig8970_v2","A",1.131
"20506","contig0004605","CCall_contig28998_v2","D",49.944
"20508","contig0004607","CCall_contig39528_v2","B",7.146
"20520","contig0004622","CmSNP00602","B",26.53
"20528","contig0004622","CCall_contig30088_v2","B",9.455
"20530","contig0004622","CmSNP01455","B",26.673
"20600","contig0004637","CmSNP01091","G",70.463
"20617","contig0004664","CmSNP00987","J",45.368
"20624","contig0004671","CCall_contig14775_v2","A",108.894
"20625","contig0004671","CmSNP00155","A",92.537
"20634","contig0004682","CmSNP00317","A",71.517
"20646","contig0004691","CmSNP00416","A",58.79
"20695","contig0004748","CmSNP00146","J",29.085
"20699","contig0004756","CmSNP01113","A",65.843
"20738","contig0004796","CmSNP00634","J",47.659
"20799","contig0004854","CCall_contig23658_v2","J",0
"20801","contig0004854","CmSNP00393","J",16.066
"20846","contig0004887","CmSNP01287","C",52.724
"20847","contig0004887","CmSNP00659","C",52.315
"20851","contig0004889","CmSNP00004","B",55.687
"20858","contig0004893","CmSI0888","F",43.328
"20921","contig0004969","CmSNP01234","A",76.617
"20926","contig0004974","CmSNP00889","B",65.595
"20935","contig0004985","CCall_contig2200_v2","G",41.708
"20936","contig0004987","CmSNP00417","E",42.021
"20943","contig0004995","CmSNP01370","B",48.158
"20968","contig0005025","CmSI0811","J",67.94
"20970","contig0005027","CmSNP00271","E",56.572
"20974","contig0005032","CmSNP00139","B",48.714
"20986","contig0005039","CmSNP00931","H",80.071
"21004","contig0005067","CmSNP00711","L",21.32
"21009","contig0005067","CCall_contig3431_v2","L",3.225
"21046","contig0005092","CmSI0870","E",53.009
"21051","contig0005095","CmSNP00019","L",42.724
"21071","contig0005117","CmSI0223","C",39.771
"21078","contig0005129","CmSI0541","E",42.295
"21083","contig0005136","CmSNP00621","B",48.518
"21084","contig0005136","CmSNP00367","B",46.985
"21098","contig0005156","CmSI0605","G",61.862
"21134","contig0005198","CmSI0556","H",91.137
"21135","contig0005198","CCall_contig25028_v2","H",90.472
"21143","contig0005208","CmSNP01435","A",61.57
"21188","contig0005272","CmSNP00561","D",22.4
"21250","contig0005337","CCall_contig39220_v2","A",25.077
"21270","contig0005361","CCall_contig32191_v2","B",26.885
"21275","contig0005371","CmSNP00316","L",59.843
"21301","contig0005404","CmSNP01015","I",41.758
"21305","contig0005406","CmSI0913","C",49.563
"21306","contig0005406","CCall_contig48118_v2","C",55.681
"21337","contig0005446","CCall_contig13651_v2","I",39.463
"21353","contig0005455","CmSNP00560","A",72.214
"21362","contig0005471","CmSNP00731","K",60.125
"21373","contig0005475","CCall_contig9245_v2","C",4.042
"21374","contig0005475","CmSNP01508","C",32.461
"21395","contig0005501","CmSNP01501","K",57.304
"21430","contig0005540","CCall_contig14835_v2","J",79.899
"21432","contig0005542","CmSNP00511","I",60.827
"21465","contig0005577","CmSNP01392","D",28.682
"21468","contig0005581","CmSNP01532","C",27.31
"21513","contig0005630","CmSNP00926","A",70.395
"21595","contig0005738","CmSNP00664","J",49.271
"21624","contig0005781","CmSNP01359","L",48.235
"21665","contig0005846","CCall_contig2518_v2","K",6.803
"21666","contig0005846","CmSNP00447","K",20.561
"21677","contig0005862","CmSNP00646","L",49.053
"21714","contig0005908","CmSNP01106","E",35.879
"21728","contig0005925","CmSNP00308","C",72.45
"21729","contig0005925","CCall_contig20181_v2","C",91.45
"21732","contig0005928","CmSNP00638","K",28.108
"21733","contig0005928","CmSNP00951","K",27.802
"21788","contig0006010","CmSI0532","H",46.241
"21789","contig0006010","CmSI0531","H",46.144
"21790","contig0006010","CmSNP00687","H",46.795
"21801","contig0006033","CmSI0771","K",25.169
"21824","contig0006063","CmSI0761","E",50.204
"21836","contig0006077","CmSNP01274","A",68.733
"21844","contig0006090","CmSNP01304","J",52.382
"21876","contig0006138","CmSNP01108","G",62.273
"21892","contig0006159","CmSNP01138","B",49.888
"21900","contig0006166","CmSNP00641","I",55.04
"21901","contig0006169","CmSNP00678","E",45.111
"21910","contig0006190","CmSNP01056","E",32.872
"21964","contig0006269","CmSNP00834","E",25.438
"22006","contig0006340","CmSNP01277","D",26.965
"22033","contig0006381","CmSNP01260","B",48.192
"22044","contig0006395","CmSNP01343","E",50.535
"22045","contig0006395","CCall_contig6223_v2","E",67.172
"22088","contig0006450","CCall_contig2460_v2","C",94.226
"22107","contig0006479","CmSI0741","C",50.272
"22144","contig0006532","CmSNP01197","E",26.758
"22149","contig0006541","CmSNP01101","A",28.853
"22150","contig0006541","CmSNP00862","A",30.78
"22164","contig0006563","CCall_contig27877_v2","B",13.183
"22184","contig0006592","CCall_contig11129_v2","C",55.682
"22197","contig0006614","CmSNP01164","B",59.22
"22203","contig0006631","CmSNP00150","G",59.223
"22204","contig0006631","CCall_contig14707_v2","G",38.215
"22260","contig0006707","CmSI0863","C",49.42
"22273","contig0006727","CmSNP01286","A",47.494
"22293","contig0006754","CmSNP00391","K",30.972
"22321","contig0006796","CmSI0247","A",84.243
"22329","contig0006806","CmSNP00988","G",58.79
"22391","contig0006905","CmSNP01273","I",55.823
"22405","contig0006923","CmSNP01477","G",55.99
"22415","contig0006933","CmSNP00123","D",20.759
"22438","contig0006968","CmSNP01058","A",46.318
"22501","contig0007075","CmSNP00722","D",15.146
"22506","contig0007078","CmSNP00651","J",49.77
"22531","contig0007119","CmSI0729","I",71.468
"22539","contig0007134","CmSNP00249","E",48.51
"22660","contig0007324","CmSNP01315","B",50.883
"22663","contig0007326","CmSNP01499","E",59.146
"22664","contig0007326","CCall_contig9087_v2","E",76.215
"22721","contig0007429","CmSNP01166","J",49.191
"22722","contig0007429","CmSNP00261","J",48.579
"22728","contig0007437","CmSI0591","H",50.342
"22778","contig0007526","CmSNP00385","L",59.11
"22811","contig0007594","CCall_contig46417_v2","D",51.374
"22818","contig0007614","CmSNP00183","I",50.478
"22819","contig0007614","CCall_contig15668_v2","I",31.854
"22830","contig0007644","CmSI0007","G",78.028
"22881","contig0007724","CmSI0941","B",24.985
"22886","contig0007751","CmSI0759","K",75.606
"22912","contig0007792","CmSNP00384","D",17.122
"22934","contig0007835","CmSNP00158","E",50.695
"22958","contig0007892","CmSNP00526","K",28.858
"22989","contig0007946","CmSNP00770","L",43.112
"23006","contig0008001","CmSI0321","E",50.756
"23007","contig0008001","CmSI0076","E",51.407
"23008","contig0008001","CCall_contig8764_v2","E",66.895
"23039","contig0008074","CmSNP00107","H",44.736
"23054","contig0008099","CCall_contig23967_v2","K",68.792
"23075","contig0008133","CmSNP00092","A",65.917
"23096","contig0008165","CmSI0947","A",72.459
"23155","contig0008306","CmSNP01006","J",56.855
"23156","contig0008306","CCall_contig4163_v2","J",77.977
"23205","contig0008456","CmSI0702","G",72.824
"23216","contig0008478","CmSNP00976","J",49.77
"23289","contig0008718","CmSI0936","C",44.034
"23291","contig0008721","CmSNP00566","H",75.254
"23364","contig0008941","CmSNP01093","H",57.703
"23380","contig0008987","CmSNP00074","D",38.789
"23397","contig0009053","CmSNP00788","D",9.477
"23416","contig0009141","CmSNP01424","A",63.088
"23421","contig0009153","CmSNP00751","D",26.866
"23439","contig0009204","CmSNP00142","I",61.711
"23461","contig0009276","CmSNP01057","E",68.596
"23500","contig0009414","CmSNP00352","L",17.07
"23516","contig0009465","CmSNP00371","E",40.332
"23556","contig0009603","CmSNP00806","I",62.714
"23622","contig0009944","CmSNP00635","A",22.955
"23623","contig0009944","CCall_contig309_v2","A",21.489
"23638","contig0010028","CmSNP00904","L",25.787
"23697","contig0010285","CmSNP00292","K",36.318
"23707","contig0010329","CmSNP00463","A",48.36
"23765","contig0010712","CmSI0886","E",57.832
"23769","contig0010712","CmSI0887","E",60.045
"23777","contig0010742","CmSNP00471","J",37.021
"23809","contig0010901","CmSI0293","G",62.869
"23810","contig0010901","CmSI0064","G",62.779
"23816","contig0010943","CmSNP01320","E",50.057
"23822","contig0010969","CmSNP01322","H",48.894
"23824","contig0010969","CmSI0381","H",50.662
"23825","contig0010969","CmSI0594","H",49.945
"23836","contig0011003","CmSNP00725","A",64.565
"23944","contig0011751","CmSI0327","K",69.75
"23947","contig0011778","CmSI0893","A",58.243
"24085","contig0012693","CmSI0494","K",56.179
"24086","contig0012693","CmSI0678","K",55.565
"24089","contig0012694","CCall_contig47186_v2","C",62.997
"24109","contig0012703","CmSNP00237","F",64
"24114","contig0012705","CmSNP00095","A",63.744
"24144","contig0012707","CCall_contig6462_v2","B",29.392
"24148","contig0012708","CCall_contig22350_v2","D",47.988
"24152","contig0012710","CmSNP00867","A",50.27
"24159","contig0012712","CmSNP01524","C",42.623
"24165","contig0012713","CmSNP01071","C",45.205
"24171","contig0012715","CmSNP00247","I",80.558
"24309","contig0012719","CCall_contig47852_v2","D",52.894
"24310","contig0012719","CmSI0504","D",24.586
"24352","contig0012724","CmSI0918","C",44.371
"24373","contig0012724","CmSNP01416","C",43.611
"24448","contig0012728","CmSNP00781","K",48.12
"24490","contig0012731","CmSNP01368","F",27.142
"24539","contig0012743","CmSNP00814","C",43.912
"24545","contig0012746","CmSNP00328","D",14.038
"24570","contig0012748","CCall_contig14656_v2","A",36.763
"24576","contig0012748","CmSNP00576","A",50.356
"24595","contig0012753","CmSNP00555","J",46.556
"24597","contig0012754","CCall_contig12141_v2","H",16.504
"24604","contig0012755","CmSI0739","D",25.203
"24629","contig0012765","CmSNP01021","C",34.712
"24630","contig0012765","CmSI0592","C",33.912
"24669","contig0012769","CmSNP00270","I",59.212
"24729","contig0012780","CmSI0392","C",45.688
"24746","contig0012789","CmSNP01401","L",40.818
"24747","contig0012789","CCall_contig7068_v2","L",59.67
"24762","contig0012793","CmSI0683","A",58.58
"24764","contig0012795","CmSNP00166","E",49.267
"24784","contig0012799","CmSNP00204","D",21.626
"24786","contig0012801","CmSNP01516","A",44.798
"24811","contig0012809","CmSNP00178","D",2.475
"24826","contig0012810","CmSNP01364","E",51.29
"24837","contig0012819","CmSNP00410","C",67.112
"24845","contig0012824","CmSNP01535","K",17.81
"24846","contig0012824","CmSNP00674","K",16.288
"24847","contig0012824","CmSI0760","K",15.38
"24850","contig0012826","CmSNP01323","B",49.778
"24851","contig0012826","CmSI0842","B",50.685
"24857","contig0012831","CmSNP00524","B",48.501
"24859","contig0012833","CmSNP01307","L",42.335
"24867","contig0012840","CmSNP00655","A",58.053
"24868","contig0012841","CmSNP00667","A",50.356
"24874","contig0012843","CmSI0798","D",0
"24877","contig0012846","CmSNP00045","F",24.421
"24878","contig0012846","CmSNP01534","F",27.671
"24881","contig0012847","CmSNP00856","L",64.082
"24882","contig0012847","CmSNP00284","L",64.082
"24883","contig0012847","CCall_contig3931_v2","L",93.59
"24884","contig0012847","CCall_contig19302_v2","L",93.143
"24895","contig0012856","CmSNP00738","C",37.463
"24896","contig0012856","CmSNP00523","C",37.376
"24903","contig0012862","CmSNP01178","A",51.284
"24949","contig0012867","CmSNP01042","L",42.462
"24957","contig0012870","CmSNP01313","F",65.827
"24961","contig0012871","CmSNP00169","C",63.867
"24968","contig0012877","CmSNP00872","I",40.292
"24979","contig0012883","CmSNP01200","F",56.366
"24982","contig0012885","CmSNP00698","C",64.529
"24991","contig0012891","CmSNP01019","C",35.952
"24992","contig0012892","CmSNP00116","A",54.343
"25003","contig0012897","CmSNP01446","C",35.386
"25012","contig0012902","CCall_contig43637_v2","B",10.502
"25013","contig0012902","CCall_contig4967_v2","B",10.029
"25014","contig0012902","CmSNP01085","B",26.252
"25017","contig0012904","CCall_contig31972_v2","B",13.381
"25027","contig0012907","CCall_contig6380_v2","K",78
"25037","contig0012915","CmSNP00708","J",47.248
"25054","contig0012926","CmSNP01130","D",1.486
"25058","contig0012926","CmSNP00226","D",2.047
"25094","contig0012934","CmSNP00504","F",25.924
"25095","contig0012935","CmSNP00273","E",55.106
"25127","contig0012943","CmSNP00350","F",29.028
"25128","contig0012944","CmSNP00520","B",55.424
"25130","contig0012946","CmSI0031","H",56.526
"25131","contig0012946","CmSNP00080","H",53.392
"25132","contig0012946","CmSNP00503","H",53.835
"25170","contig0012960","CmSNP00817","A",49.643
"25173","contig0012962","CmSI0401","J",43.621
"25179","contig0012968","CmSNP00495","E",44.154
"25185","contig0012970","CmSNP00822","E",39.986
"25219","contig0012978","CmSNP01356","K",65.648
"25247","contig0012991","CmSNP00896","F",44.897
"25248","contig0012992","CmSNP00223","C",36.648
"25292","contig0013005","CmSI0737","K",21.802
"25297","contig0013007","CmSI0513","I",58.576
"25303","contig0013011","CmSNP01214","J",32.993
"25326","contig0013016","CmSNP01207","C",52.912
"25332","contig0013020","CmSNP01533","C",43.53
"25337","contig0013024","CmSI0553","K",64.003
"25349","contig0013035","CCall_contig45189_v2","G",12.149
"25352","contig0013037","CCall_contig44566_v2","I",30.121
"25360","contig0013047","CmSI0901","K",33.526
"25377","contig0013058","CCall_contig43025_v2","J",72.778
"25386","contig0013063","CCall_contig12626_v2","J",81.619
"25387","contig0013063","CmSNP00093","J",61.938
"25390","contig0013064","CmSNP00046","B",49.381
"25395","contig0013068","CCall_contig2787_v2","E",63.366
"25414","contig0013080","CmSNP00494","C",74.926
"25421","contig0013085","CmSNP00007","H",75.959
"25422","contig0013086","CmSNP00057","A",64.938
"25425","contig0013088","CmSNP01317","E",23.141
"25446","contig0013101","CmSNP00049","A",48.568
"25448","contig0013102","CmSNP01291","J",48.525
"25455","contig0013108","CCall_contig12074_v2","I",32.627
"25458","contig0013110","CmSNP00870","H",55.319
"25518","contig0013143","CmSNP00426","D",17.63
"25531","contig0013154","CmSI0747","C",20.008
"25537","contig0013159","CmSNP00126","I",69.693
"25563","contig0013174","CmSNP00517","D",33.479
"25575","contig0013182","CmSI0380","E",31.7
"25645","contig0013202","CmSNP00569","A",81.163
"25648","contig0013206","CmSNP00565","B",43.094
"25660","contig0013211","CmSNP00386","K",52.441
"25683","contig0013232","CmSI0509","B",57.385
"25688","contig0013234","CCall_contig38748_v2","D",81.182
"25707","contig0013238","CmSNP01215","J",54.006
"25724","contig0013252","CmSNP01425","E",46.256
"25726","contig0013254","CmSI0691","G",85.811
"25729","contig0013257","CmSNP00439","D",20.162
"25733","contig0013262","CCall_contig1761_v2","J",78.08
"25734","contig0013262","CmSI0932","J",55.414
"25736","contig0013262","CmSNP00232","J",53.381
"25740","contig0013264","CmSNP00141","H",56.784
"25781","contig0013302","CmSI0538","J",40.2
"25793","contig0013314","CmSNP00968","B",28.13
"25801","contig0013323","CmSNP00086","B",67.604
"25802","contig0013323","CmSNP00186","B",65.831
"25811","contig0013336","CmSI0119","D",41.642
"25812","contig0013336","CmSNP00289","D",40.325
"25834","contig0013357","CmSNP01023","F",66.538
"25848","contig0013382","CmSI0003","G",62.345
"25859","contig0013399","CmSNP00671","E",32.569
"25890","contig0013419","CmSNP00579","L",40.748
"25891","contig0013420","CmSNP01336","L",27.845
"25910","contig0013451","CCall_contig44555_v2","D",49.838
"25914","contig0013456","CmSNP00234","L",16.155
"25942","contig0013488","CmSNP00587","C",66.631
"25964","contig0013491","CmSNP00398","J",44.826
"25980","contig0013512","CmSI0539","I",56.607
"25991","contig0013531","CmSNP00802","A",79.291
"26004","contig0013547","CmSI0224","H",81.124
"26005","contig0013547","CmSI0589","H",78.081
"26034","contig0013585","CmSNP01141","C",21.119
"26035","contig0013586","CmSNP00851","B",67.514
"26078","contig0013655","CmSNP01296","F",45.331
"26094","contig0013686","CmSNP00717","C",44.878
"26114","contig0013731","CmSNP01398","K",28.46
"26152","contig0013779","CmSI0868","A",53.471
